request,httpStatus,durationMs
1,422,153
2,200,142
3,422,193
4,422,181
5,422,168
6,422,203
7,422,213
8,422,245
9,422,223
10,422,232
11,422,257
12,422,266
13,422,295
14,422,307
15,422,317
16,422,331
17,422,342
18,422,353
19,422,370
20,422,380
21,422,389
22,422,398
23,422,408
24,422,420
25,422,430
26,422,445
27,422,456
28,422,467
29,422,480
30,422,493
31,422,506
32,422,518
33,422,531
34,422,547
35,422,560
36,422,575
37,422,591
38,422,610
39,422,626
40,422,650
41,422,672
42,422,694
43,422,717
44,422,740
45,422,756
46,422,774
47,422,790
48,422,805
49,422,819
50,422,833
